{
    "data_shape": [
        111331
    ],
    "set_variable_names": [
        "dummy_parameter"
    ],
    "axis": [
        [
            "dummy_parameter",
            "A"
        ],
        [
            "dummy_parameter",
            "B"
        ],
        [
            "dummy_parameter",
            "C"
        ],
        [
            "dummy_parameter",
            "D"
        ],
        [
            "dummy_parameter",
            "time"
        ]
    ],
    "additional_metadata_dict": {},
    "screenshot_saved": false,
    "time_of_measurement": "Fri, 07 Jun 2024 18:11:32 +0000",
    "instrument_summary": {
        "date_time": "2024-06-07 19:11:32.499392",
        "dac": {
            "dac1": 0.13,
            "dac2": 0.345,
            "dac3": 0.030518,
            "dac4": 0.030518,
            "dac5": 1659.021897,
            "dac6": 2475.013352,
            "dac7": 1639.00206,
            "dac8": 2789.044022,
            "dac9": 0.0,
            "dac10": 0.0,
            "dac11": 1985.01564,
            "dac12": 1416.464485,
            "dac13": 1787.99115,
            "dac14": 1415.121691,
            "dac15": 2009.9794,
            "dac16": 2828.046082
        }
    }
}