{
    "data_shape": [
        111331
    ],
    "set_variable_names": [
        "dummy_parameter"
    ],
    "axis": [
        [
            "dummy_parameter",
            "A"
        ],
        [
            "dummy_parameter",
            "B"
        ],
        [
            "dummy_parameter",
            "C"
        ],
        [
            "dummy_parameter",
            "D"
        ],
        [
            "dummy_parameter",
            "time"
        ]
    ],
    "additional_metadata_dict": {},
    "screenshot_saved": false,
    "time_of_measurement": "Tue, 04 Jun 2024 16:02:57 +0000",
    "instrument_summary": {
        "date_time": "2024-06-04 17:02:56.986213",
        "dac": {
            "dac1": -0.07,
            "dac2": 0.102,
            "dac3": 0.030518,
            "dac4": 0.030518,
            "dac5": 1659.021897,
            "dac6": 2475.013352,
            "dac7": 1639.00206,
            "dac8": 2789.044022,
            "dac9": 0.0,
            "dac10": 0.0,
            "dac11": 1985.01564,
            "dac12": 1417.135882,
            "dac13": 1787.99115,
            "dac14": 1413.778897,
            "dac15": 2009.9794,
            "dac16": 2828.046082
        }
    }
}